[{
    "id": "23094",
    "hits": 5,
    "url": "http://globo.com",
    "shortUrl": "http://chr.dc/9dtr4"
},
{
    "id": "76291",
    "hits": 4,
    "url": "http://google.com",
    "shortUrl": "http://chr.dc/aUx71"
},
{
    "id": "66761",
    "hits": 7,
    "url": "http://terra.com.br",
    "shortUrl": "http://chr.dc/u9jh3"
},
{
    "id": "70001",
    "hits": 1,
    "url": "http://facebook.com",
    "shortUrl": "http://chr.dc/qy61p"
},
{
    "id": "21220",
    "hits": 2,
    "url": "http://diariocatarinense.com.br",
    "shortUrl": "http://chr.dc/87itr"
},
{
    "id": "10743",
    "hits": 0,
    "url": "http://uol.com.br",
    "shortUrl": "http://chr.dc/y81xc"
},
{
    "id": "19122",
    "hits": 2,
    "url": "http://chaordic.com.br",
    "shortUrl": "http://chr.dc/qy5k9"
},
{
    "id": "55324",
    "hits": 4,
    "url": "http://youtube.com",
    "shortUrl": "http://chr.dc/1w5tg"
},
{
    "id": "70931",
    "hits": 5,
    "url": "http://twitter.com",
    "shortUrl": "http://chr.dc/7tmv1"
},
{
    "id": "87112",
    "hits": 2,
    "url": "http://bing.com",
    "shortUrl": "http://chr.dc/9opw2"
}]